year,period,metric,kpi_family,value,unit,source_file
2022,FY,EBIT Adjusted,EBIT Adjusted,5627.0,EUR_m,airbus_fy2022_results_press_release.pdf
2022,FY,EBIT Reported,EBIT Reported,5325.0,EUR_m,airbus_fy2022_results_press_release.pdf
2022,FY,EPS,EPS,5.4,EUR_per_share,airbus_fy2022_results_press_release.pdf
2022,FY,Free Cash Flow,Free Cash Flow,4324.0,EUR_m,airbus_fy2022_results_press_release.pdf
2022,FY,FCF before M&A and Customer Financing,Guidance FCF,4680.0,EUR_m,airbus_fy2022_results_press_release.pdf
2022,FY,Net Income,Net Income,4247.0,EUR_m,airbus_fy2022_results_press_release.pdf
2022,FY,Order Intake,Order Intake,82521.0,EUR_m,airbus_fy2022_results_press_release.pdf
2022,FY,R&D Expenses,R&D Expenses,3079.0,EUR_m,airbus_fy2022_results_press_release.pdf
2022,FY,Revenue,Revenue,58763.0,EUR_m,airbus_fy2022_results_press_release.pdf
2022,YE,Employees,Employees,134267.0,count,airbus_fy2022_results_press_release.pdf
2022,YE,Net Cash,Net Cash,9431.0,EUR_m,airbus_fy2022_results_press_release.pdf
2022,YE,Order Book,Order Book,449241.0,EUR_m,airbus_fy2022_results_press_release.pdf
2023,FY,EBIT Adjusted,EBIT Adjusted,5838.0,EUR_m,airbus_fy2023_results_press_release.pdf
2023,FY,EBIT Reported,EBIT Reported,4603.0,EUR_m,airbus_fy2023_results_press_release.pdf
2023,FY,EPS,EPS,4.8,EUR_per_share,airbus_fy2023_results_press_release.pdf
2023,FY,Free Cash Flow,Free Cash Flow,3885.0,EUR_m,airbus_fy2023_results_press_release.pdf
2023,FY,FCF before M&A and Customer Financing,Guidance FCF,4386.0,EUR_m,airbus_fy2023_results_press_release.pdf
2023,FY,Net Income,Net Income,3789.0,EUR_m,airbus_fy2023_results_press_release.pdf
2023,FY,Order Intake,Order Intake,186493.0,EUR_m,airbus_fy2023_results_press_release.pdf
2023,FY,R&D Expenses,R&D Expenses,3257.0,EUR_m,airbus_fy2023_results_press_release.pdf
2023,FY,Revenue,Revenue,65446.0,EUR_m,airbus_fy2023_results_press_release.pdf
2023,YE,Employees,Employees,147893.0,count,airbus_fy2023_results_press_release.pdf
2023,YE,Net Cash,Net Cash,10726.0,EUR_m,airbus_fy2023_results_press_release.pdf
2023,YE,Order Book,Order Book,553893.0,EUR_m,airbus_fy2023_results_press_release.pdf
2024,FY,EBIT Adjusted,EBIT Adjusted,5354.0,EUR_m,airbus_fy2024_results_press_release.pdf
2024,FY,EBIT Reported,EBIT Reported,5304.0,EUR_m,airbus_fy2024_results_press_release.pdf
2024,FY,EPS,EPS,5.36,EUR_per_share,airbus_fy2024_results_press_release.pdf
2024,FY,Free Cash Flow,Free Cash Flow,4461.0,EUR_m,airbus_fy2024_results_press_release.pdf
2024,FY,FCF before Customer Financing,Guidance FCF,4463.0,EUR_m,airbus_fy2024_results_press_release.pdf
2024,FY,Net Income,Net Income,4232.0,EUR_m,airbus_fy2024_results_press_release.pdf
2024,FY,Order Intake,Order Intake,103509.0,EUR_m,airbus_fy2024_results_press_release.pdf
2024,FY,R&D Expenses,R&D Expenses,3250.0,EUR_m,airbus_fy2024_results_press_release.pdf
2024,FY,Revenue,Revenue,69230.0,EUR_m,airbus_fy2024_results_press_release.pdf
2024,YE,Employees,Employees,156921.0,count,airbus_fy2024_results_press_release.pdf
2024,YE,Net Cash,Net Cash,11753.0,EUR_m,airbus_fy2024_results_press_release.pdf
2024,YE,Order Book,Order Book,628917.0,EUR_m,airbus_fy2024_results_press_release.pdf
2025,FY,EBIT Adjusted,EBIT Adjusted,7128.0,EUR_m,airbus_fy2025_results_press_release.pdf
2025,FY,EBIT Reported,EBIT Reported,6082.0,EUR_m,airbus_fy2025_results_press_release.pdf
2025,FY,EPS,EPS,6.61,EUR_per_share,airbus_fy2025_results_press_release.pdf
2025,FY,Free Cash Flow,Free Cash Flow,4753.0,EUR_m,airbus_fy2025_results_press_release.pdf
2025,FY,FCF before Customer Financing,Guidance FCF,4574.0,EUR_m,airbus_fy2025_results_press_release.pdf
2025,FY,Net Income,Net Income,5221.0,EUR_m,airbus_fy2025_results_press_release.pdf
2025,FY,Order Intake,Order Intake,123261.0,EUR_m,airbus_fy2025_results_press_release.pdf
2025,FY,R&D Expenses,R&D Expenses,3153.0,EUR_m,airbus_fy2025_results_press_release.pdf
2025,FY,Revenue,Revenue,73420.0,EUR_m,airbus_fy2025_results_press_release.pdf
2025,YE,Employees,Employees,165294.0,count,airbus_fy2025_results_press_release.pdf
2025,YE,Net Cash,Net Cash,12171.0,EUR_m,airbus_fy2025_results_press_release.pdf
2025,YE,Order Book,Order Book,618824.0,EUR_m,airbus_fy2025_results_press_release.pdf
2026,H1,EBIT Adjusted,EBIT Adjusted,2727.0,EUR_m,airbus_h1_2026_results_press_release.pdf
2026,H1,EBIT Reported,EBIT Reported,2745.0,EUR_m,airbus_h1_2026_results_press_release.pdf
2026,H1,EPS,EPS,2.84,EUR_per_share,airbus_h1_2026_results_press_release.pdf
2026,H1,Free Cash Flow,Free Cash Flow,-1043.0,EUR_m,airbus_h1_2026_results_press_release.pdf
2026,H1,FCF before Customer Financing,Guidance FCF,-1166.0,EUR_m,airbus_h1_2026_results_press_release.pdf
2026,H1,Net Income,Net Income,2243.0,EUR_m,airbus_h1_2026_results_press_release.pdf
2026,H1,R&D Expenses,R&D Expenses,1464.0,EUR_m,airbus_h1_2026_results_press_release.pdf
2026,H1,Revenue,Revenue,33176.0,EUR_m,airbus_h1_2026_results_press_release.pdf
2026,H1_END,Employees,Employees,168754.0,count,airbus_h1_2026_results_press_release.pdf
2026,H1_END,Net Cash,Net Cash,8360.0,EUR_m,airbus_h1_2026_results_press_release.pdf
2026,Q1,EBIT Adjusted,EBIT Adjusted,300.0,EUR_m,airbus_q1_2026_results_press_release.pdf
2026,Q1,EBIT Reported,EBIT Reported,224.0,EUR_m,airbus_q1_2026_results_press_release.pdf
2026,Q1,EPS,EPS,0.74,EUR_per_share,airbus_q1_2026_results_press_release.pdf
2026,Q1,Free Cash Flow,Free Cash Flow,-2422.0,EUR_m,airbus_q1_2026_results_press_release.pdf
2026,Q1,FCF before Customer Financing,Guidance FCF,-2485.0,EUR_m,airbus_q1_2026_results_press_release.pdf
2026,Q1,Net Income,Net Income,586.0,EUR_m,airbus_q1_2026_results_press_release.pdf
2026,Q1,R&D Expenses,R&D Expenses,730.0,EUR_m,airbus_q1_2026_results_press_release.pdf
2026,Q1,Revenue,Revenue,12651.0,EUR_m,airbus_q1_2026_results_press_release.pdf
2026,Q1_END,Employees,Employees,166876.0,count,airbus_q1_2026_results_press_release.pdf
2026,Q1_END,Net Cash,Net Cash,9849.0,EUR_m,airbus_q1_2026_results_press_release.pdf
