year,quarter,kpi_family,metric,value,unit,data_type,calculation,source_file
2026,Q1,EBIT Adjusted,EBIT Adjusted,300.0,EUR_m,official,Reported Q1,airbus_q1_2026_results_press_release.pdf
2026,Q1,EBIT Reported,EBIT Reported,224.0,EUR_m,official,Reported Q1,airbus_q1_2026_results_press_release.pdf
2026,Q1,Free Cash Flow,Free Cash Flow,-2422.0,EUR_m,official,Reported Q1,airbus_q1_2026_results_press_release.pdf
2026,Q1,Guidance FCF,FCF before Customer Financing,-2485.0,EUR_m,official,Reported Q1,airbus_q1_2026_results_press_release.pdf
2026,Q1,Net Income,Net Income,586.0,EUR_m,official,Reported Q1,airbus_q1_2026_results_press_release.pdf
2026,Q1,R&D Expenses,R&D Expenses,730.0,EUR_m,official,Reported Q1,airbus_q1_2026_results_press_release.pdf
2026,Q1,Revenue,Revenue,12651.0,EUR_m,official,Reported Q1,airbus_q1_2026_results_press_release.pdf
2026,Q2,EBIT Adjusted,EBIT Adjusted,2427.0,EUR_m,calculated,H1 - Q1,airbus_h1_2026_results_press_release.pdf | airbus_q1_2026_results_press_release.pdf
2026,Q2,EBIT Reported,EBIT Reported,2521.0,EUR_m,calculated,H1 - Q1,airbus_h1_2026_results_press_release.pdf | airbus_q1_2026_results_press_release.pdf
2026,Q2,Free Cash Flow,Free Cash Flow,1379.0,EUR_m,calculated,H1 - Q1,airbus_h1_2026_results_press_release.pdf | airbus_q1_2026_results_press_release.pdf
2026,Q2,Guidance FCF,FCF before Customer Financing,1319.0,EUR_m,calculated,H1 - Q1,airbus_h1_2026_results_press_release.pdf | airbus_q1_2026_results_press_release.pdf
2026,Q2,Net Income,Net Income,1657.0,EUR_m,calculated,H1 - Q1,airbus_h1_2026_results_press_release.pdf | airbus_q1_2026_results_press_release.pdf
2026,Q2,R&D Expenses,R&D Expenses,734.0,EUR_m,calculated,H1 - Q1,airbus_h1_2026_results_press_release.pdf | airbus_q1_2026_results_press_release.pdf
2026,Q2,Revenue,Revenue,20525.0,EUR_m,calculated,H1 - Q1,airbus_h1_2026_results_press_release.pdf | airbus_q1_2026_results_press_release.pdf
